1942	04	26	LB	SY	1	2	F		-10	1274	1410	−3	−	84	62
1944	03	10	SY	IQ	1	2	F		-6	1404	1676	0	0	65	25
1947	05	04	LB	SY	1	4	F		-17	1285	1421	−4	+3	87	64
1947	05	18	SY	LB	1	0	F		4	1425	1281	+1	0	63	87
1949	11	20	TR	SY	7	0	WQ		24	1522	1401	+4	−3	54	70
1949	11	25	GR	SY	8	0	F		24	1316	1377	+6	−7	85	77
1949	11	27	GR	SY	2	0	F		13	1329	1364	+2	−1	83	78
1951	10	14	GR	SY	4	0	MDG	EG	40	1380	1324	+4	−7	80	87
1951	10	16	EG	SY	8	0	MDG		11	1595	1313	0	0	42	87
1953	08	01	SY	JO	3	1	PAR	EG	21	1334	1179	+4	−	84	111
1953	08	06	LB	SY	0	0	PAR	EG	5	1241	1329	+2	−1	106	86
1953	08	10	EG	SY	4	0	PAR		9	1583	1320	+2	−3	42	89
1955	07	25	EG	SY	3	0	MDG	ES	16	1554	1304	+3	−4	53	99
1957	00	00	SY	JO	6	1	F		10	1314	1207	+3	+1	99	121
1957	03	08	SD	SY	1	0	WQ		3	1642	1311	+1	0	39	100
1957	05	24	SY	SD	1	1	WQ		12	1323	1630	0	−2	101	40
1957	10	20	SY	JO	6	1	PAR	LB	27	1350	1180	+4	−4	97	125
1957	10	22	LB	SY	1	1	PAR		-2	1280	1352	−1	0	110	97
1957	10	24	SA	SY	3	1	PAR	LB	29	1397	1323	+5	−4	89	101
1957	10	26	MA	SY	1	1	PAR	LB	-17	1726	1340	−1	+2	22	99
1957	10	27	SY	TN	3	1	PAR	LB	53	1393	1626	+8	−10	91	41
1958	02	17	MA	SY	3	1	F		2	1728	1391	0	−1	23	92
1959	00	00	MA	SY	1	0	F		2	1720	1389	0	−1	27	94
1963	03	31	SY	JO	4	0	ARC	LB	18	1407	1167	+3	−1	91	135
1963	04	02	TN	SY	1	0	ARC	LB	16	1486	1391	+4	−4	74	95
1963	04	04	LB	SY	2	3	ARC		-25	1359	1416	−5	+7	103	88
1963	04	07	SY	KW	4	0	ARC	LB	18	1434	1197	+5	−2	83	131
1963	09	21	MA	SY	1	0	MDG	IT	9	1659	1425	+1	−5	36	88
1963	09	27	TN	SY	3	1	MDG	IT	18	1593	1407	+2	−3	51	91
1965	09	04	LY	SY	6	3	PAR	EG	28	1509	1379	+7	−5	69	97
1965	09	06	SY	OM	13	0	PAR	EG	7	1386	887	+2	−1	95	161
1965	09	07	SD	SY	2	0	PAR	EG	11	1664	1375	+2	−4	36	99
1966	04	02	SY	NY	7	0	ARC	IQ	5	1380	895	+2	−	97	162
1966	04	04	LY	SY	0	0	ARC	IQ	-6	1480	1386	−3	0	75	97
1966	04	06	SY	PS	4	1	ARC	IQ	23	1409	1244	+3	−3	94	127
1966	04	09	SY	LB	1	0	ARC	IQ	21	1430	1409	+8	−8	86	94
1966	04	10	IQ	SY	2	1	ARC		6	1629	1424	+1	−3	40	89
1966	07	23	CN	SY	6	0	F		8	1582	1416	+3	−3	49	93
1970	00	00	SY	RU	1	2	F		-2	1414	1939	−1	−1	91	6
1971	05	28	SY	KP	0	0	OQ		13	1427	1761	+5	−1	87	21
1971	06	01	KP	SY	1	0	OQ		3	1764	1424	+1	0	20	86
1971	07	09	LY	SY	2	1	EDT		10	1467	1414	+3	−2	72	88
1971	07	11	EG	SY	1	0	EDT	LY	4	1735	1410	+1	−1	26	89
1971	10	12	TN	SY	1	0	MDG	TR	10	1616	1400	+6	0	44	91
1971	12	11	JO	SY	0	0	SQ	KW	13	1136	1387	+1	−1	146	93
1971	12	17	KW	SY	2	2	SQ		-4	1349	1391	−1	+1	105	92
1971	12	19	LB	SY	3	2	SQ	KW	23	1360	1368	+7	−6	101	98
1972	01	01	SY	DY	1	0	PAL	IQ	13	1381	1236	+3	−2	96	129
1972	01	04	SY	PS	3	1	PAL	IQ	15	1396	1171	+4	−1	92	140
1972	01	06	SY	QA	3	2	PAL	IQ	6	1402	1073	+1	0	91	154
1972	01	08	SY	DZ	1	0	PAL	IQ	30	1432	1552	+10	−2	81	59
1972	01	12	EG	SY	4	2	PAL	IQ	11	1697	1421	+2	−5	34	86
1972	01	13	DZ	SY	3	1	PAL	IQ	20	1566	1401	+4	−5	57	91
1973	05	04	SY	KW	2	1	WQ	IR	19	1420	1372	+8	−1	84	97
1973	05	06	KP	SY	1	1	WQ	IR	-14	1695	1434	−2	+5	32	79
1973	05	08	IR	SY	1	0	WQ		8	1595	1426	+1	−3	50	82
1973	05	11	SY	KW	2	0	WQ	IR	26	1452	1355	+11	−6	71	104
1973	05	13	KP	SY	3	0	WQ	IR	16	1677	1436	+4	−7	36	79
1973	05	15	IR	SY	0	1	WQ		-34	1587	1470	−8	+11	51	68
1973	08	11	PS	SY	1	1	PAL	LY	14	1199	1456	+4	−4	135	72
1973	08	13	TN	SY	4	1	PAL	LY	21	1630	1435	+2	−10	43	82
1973	08	16	SY	DY	7	1	PAL	LY	18	1453	1188	+7	−5	75	138
1973	08	20	SY	EG	2	0	PAL	LY	47	1500	1636	+10	−8	65	41
1973	08	23	DZ	SY	0	0	PAL	LY	-4	1565	1504	−3	0	57	65
1973	08	26	TN	SY	4	0	PAL	LY	19	1707	1485	+1	−2	31	67
1974	00	00	SY	JO	2	0	F		2	1487	1138	+1	0	66	144
1974	09	26	SY	PS	2	0	KUN		5	1492	1207	0	−2	69	133
1974	09	28	SY	LY	2	1	KUN		7	1499	1388	0	−1	69	96
1974	10	02	SY	SD	2	0	KUN		18	1517	1504	+6	−7	63	69
1974	10	04	SY	NY	6	0	KUN		1	1518	855	0	0	63	175
1974	10	07	SY	TN	3	1	KUN		27	1545	1660	+6	−4	57	36
1974	10	09	SY	MA	1	1	KUN		3	1548	1720	+2	0	55	28
1975	12	21	SY	LY	3	2	PAL	TN	10	1558	1349	0	−1	55	106
1975	12	23	LY	SY	1	0	PAL	TN	31	1380	1527	+6	−4	100	59
1975	12	25	IQ	SY	4	0	PAL	TN	34	1594	1493	+8	−8	47	67
1975	12	28	SD	SY	1	0	PAL	TN	18	1550	1475	+2	−5	56	73
1976	10	07	SY	JO	1	0	PAR		3	1478	1132	0	−1	72	146
1976	10	10	SY	DY	1	2	PAR		-36	1442	1254	−11	+7	83	124
1976	10	14	SY	MR	2	0	PAR		2	1444	931	0	0	83	167
1976	10	16	SY	PS	2	0	PAR		8	1452	1209	+2	−1	81	132
1976	10	18	SY	MA	0	0	PAR		9	1461	1708	+2	0	79	29
1976	10	21	SY	SA	0	2	PAR		-49	1412	1348	−14	+9	93	105
1976	11	12	SA	SY	2	0	WQ		27	1375	1385	+7	−3	98	95
1976	11	26	SY	SA	2	1	WQ		14	1399	1361	+3	−4	92	102
1977	01	28	SY	IR	0	1	WQ		-9	1390	1728	0	0	92	28
1977	03	23	SY	MA	0	2	F		-7	1383	1711	0	+2	96	29
1977	04	08	SY	JO	0	1	F		-17	1366	1198	−3	+1	99	136
1978	02	26	SY	DZ	0	1	F		-9	1357	1517	−2	+1	99	64
1978	07	13	ID	SY	1	0	MRD	MY	15	1364	1342	+7	−5	97	105
1978	07	15	IQ	SY	2	1	MRD	MY	6	1594	1336	0	0	51	105
1978	07	17	JP	SY	3	2	MRD	MY	10	1456	1326	+5	−2	75	108
1978	07	20	TH	SY	3	1	MRD	MY	25	1319	1301	+8	−7	108	115
1978	07	23	MY	SY	5	2	MRD		10	1473	1291	+3	−1	72	116
1978	07	25	SG	SY	4	1	MRD	MY	36	1195	1255	+1	−4	137	120
1978	07	27	KR	SY	2	0	MRD	MY	2	1776	1253	+1	0	22	120
1978	12	19	SY	TN	2	1	F		18	1271	1716	+3	−2	119	29
1979	11	18	BH	SY	1	1	SQ	AE	5	1185	1266	0	−1	138	119
1979	11	20	AE	SY	0	0	SQ		8	1027	1258	0	−1	161	120
1979	11	22	SY	LB	1	0	SQ	AE	26	1284	1331	+4	−6	116	105
1980	02	15	SY	JO	1	2	F		-15	1269	1194	−2	+3	118	135
1980	03	17	KW	SY	1	0	OQ	IQ	5	1624	1264	+1	−1	45	120
1980	03	20	IQ	SY	1	0	OQ		2	1714	1262	0	−1	29	121
1980	03	23	SY	JO	2	0	OQ	IQ	23	1285	1152	+7	−3	114	142
1980	03	25	SY	DY	2	1	OQ	IQ	18	1303	1234	+3	−1	111	124
1980	07	20	DZ	SY	3	0	OG	SU	12	1674	1291	+5	−2	34	114
1980	09	17	IR	SY	0	0	AC	KW	-22	1730	1313	−2	+7	27	107
1980	09	19	SY	BD	1	0	AC	KW	6	1319	970	+1	0	106	165
1980	09	23	SY	CN	1	0	AC	KW	42	1361	1559	+7	−5	99	55
1980	09	26	KP	SY	2	1	AC	KW	8	1647	1353	+2	−2	41	101
1981	02	15	MA	SY	3	0	F		3	1647	1350	0	0	41	100
1981	03	19	BH	SY	1	0	WQ	SA	29	1212	1321	+5	−5	135	106
1981	03	24	SA	SY	2	0	WQ		14	1439	1307	+4	−5	83	111
1981	03	27	QA	SY	2	1	WQ	SA	25	1241	1282	+10	−4	125	115
1981	03	30	IQ	SY	2	1	WQ	SA	3	1699	1279	0	−1	31	116
1982	04	15	SY	CY	0	1	F		-13	1266	1268	−5	+2	120	119
1982	11	20	KP	SY	1	1	ASG	IN	-14	1564	1280	−2	+7	56	115
1982	11	22	SA	SY	1	1	ASG	IN	-7	1406	1287	−1	0	88	115
1982	11	24	TH	SY	3	1	ASG	IN	28	1333	1259	+7	−9	101	124
1983	02	12	SY	JP	2	2	F		5	1264	1538	+1	−2	122	62
1983	06	07	JP	SY	1	0	KRN		3	1525	1261	+1	0	64	121
1983	08	12	SY	JO	3	2	OQ		8	1269	1122	+2	−1	120	148
1983	08	26	JO	SY	0	1	OQ		-17	1105	1286	−3	+3	151	117
1983	09	11	EG	SY	1	0	MDG	MA	4	1649	1282	0	−2	39	119
1983	10	14	SY	KW	1	3	OQ		-9	1273	1685	0	+1	120	34
1983	10	21	SY	QA	1	1	OQ		-4	1269	1299	−1	+1	121	114
1983	11	04	KW	SY	1	3	OQ		-57	1618	1326	−6	+19	42	103
1983	11	11	QA	SY	1	0	OQ		15	1328	1311	+6	−5	102	108
1984	08	07	SY	PH	2	0	SQ	ID	5	1316	885	0	−2	110	176
1984	08	09	IR	SY	3	1	SQ	ID	6	1714	1310	+2	0	31	110
1984	08	11	SY	BD	2	1	SQ	ID	5	1315	972	0	0	110	165
1984	08	13	TH	SY	3	2	SQ	ID	16	1406	1299	+1	−4	89	114
1984	08	15	ID	SY	1	2	SQ		-17	1128	1316	−3	+4	147	110
1984	08	18	IR	SY	1	0	SQ	ID	3	1731	1313	+1	0	30	110
1984	11	20	SY	DY	2	0	F		7	1320	1207	+1	−5	107	139
1984	11	25	AE	SY	2	1	F		8	1290	1312	+2	−1	116	108
1984	12	01	QA	SY	1	1	AC	SG	-13	1501	1325	−2	+3	67	105
1984	12	04	SA	SY	1	0	AC	SG	11	1557	1314	+1	−4	57	111
1984	12	07	SY	KR	1	0	AC	SG	42	1356	1565	+16	−11	95	55
1984	12	09	KW	SY	3	1	AC	SG	19	1566	1337	+3	−6	55	101
1985	03	15	SA	SY	0	0	F		-8	1623	1345	−1	+1	44	97
1985	03	17	SA	SY	3	0	F		4	1627	1341	0	0	44	97
1985	03	22	SY	KW	1	0	WQ		25	1366	1508	+3	−5	94	67
1985	03	29	NY	SY	0	1	WQ		-3	828	1369	0	0	181	94
1985	04	02	SY	AE	2	1	F	BH	8	1377	1301	+2	−2	93	110
1985	04	07	AE	SY	4	0	F	BH	23	1318	1354	+3	−3	107	96
1985	04	12	KW	SY	0	0	WQ		-12	1494	1366	−2	+1	70	95
1985	04	19	SY	NY	3	0	WQ		2	1368	825	0	0	94	181
1985	07	12	SY	KP	2	2	F		2	1370	1534	+1	0	94	62
1985	08	07	LY	SY	2	0	PAR	MA	13	1603	1357	+3	−3	48	98
1985	08	12	IQ	SY	2	0	PAR	MA	8	1684	1349	+1	−1	35	97
1985	09	06	BH	SY	1	1	WQ		-7	1372	1356	−3	0	93	96
1985	09	20	SY	BH	1	0	WQ		15	1371	1357	+2	−3	95	97
1985	10	10	SY	JO	2	0	F		4	1375	1141	+1	−1	94	148
1985	11	15	SY	IQ	0	0	WQ		10	1385	1660	+3	−2	91	39
1985	11	22	QA	SY	0	0	F		-6	1521	1391	−3	+2	67	89
1985	11	29	IQ	SY	3	1	WQ	SA	11	1671	1380	+2	−4	37	93
1986	07	25	JP	SY	2	1	MRD	MY	10	1501	1370	0	−1	73	94
1987	01	26	NG	SY	1	0	NGC	IN	9	1586	1361	0	−2	54	95
1987	02	27	SY	JO	1	1	F		-7	1354	1157	0	0	94	146
1987	03	19	AE	SY	1	1	F		-5	1447	1359	−2	0	81	95
1987	03	23	AE	SY	2	1	F		5	1452	1354	+2	0	79	95
1987	03	24	BH	SY	0	2	F		-18	1304	1372	−1	+2	106	93
1987	03	26	BH	SY	0	0	F		-1	1303	1373	0	0	106	93
1987	04	17	QA	SY	2	0	OQ		16	1470	1357	+4	−4	77	97
1987	04	24	QA	SY	0	1	OQ		-31	1439	1388	−4	+4	82	92
1987	09	18	SY	SM	3	0	MDG		4	1392	1009	+1	0	91	165
1987	09	20	SY	LB	6	1	MDG		16	1408	1231	+4	−4	87	128
1988	03	25	JO	SY	0	0	F		3	1197	1405	0	−1	139	89
1988	04	11	SY	LB	2	1	ARQ		7	1412	1224	+3	−1	86	131
1988	04	15	SY	PS	3	0	ARQ		12	1424	1220	+2	−4	84	133
1988	05	26	SY	KP	2	1	SQ	NP	28	1452	1544	+5	−6	80	61
1988	05	29	IR	SY	1	1	SQ	NP	-11	1664	1463	0	+1	38	79
1988	06	01	NP	SY	0	3	SQ		-5	923	1468	0	+3	175	76
1988	06	03	SY	HK	2	0	SQ	NP	18	1486	1301	+3	−3	73	106
1988	06	19	SY	JO	1	0	F		2	1488	1241	+1	−2	72	126
1988	06	24	SY	NY	2	1	F		0	1488	929	0	0	72	174
1988	07	02	SY	TN	2	0	F		10	1498	1456	+1	−1	71	79
1988	07	04	SY	TN	0	0	F		-4	1494	1460	0	0	71	79
1988	07	08	DZ	SY	1	1	ARC	JO	-8	1630	1502	0	+1	43	71
1988	07	12	SY	BH	2	1	ARC	JO	14	1516	1379	+3	−3	68	94
1988	07	14	SY	KW	1	0	ARC	JO	21	1537	1508	+4	−6	64	70
1988	07	16	JO	SY	2	0	ARC		43	1323	1494	+11	−7	104	71
1988	07	19	EG	SY	0	0	ARC	JO	-9	1663	1503	0	+1	38	70
1988	07	21	IQ	SY	1	1	ARC	JO	-10	1682	1513	0	+2	36	68
1988	11	21	SY	SU	0	2	F		-3	1510	1992	0	0	64	3
1988	11	25	SY	JO	3	2	F		3	1513	1290	0	−1	64	108
1988	12	02	SA	SY	2	0	AC	QA	43	1508	1470	+13	−12	64	76
1988	12	04	CN	SY	3	0	AC	QA	27	1636	1443	+3	−5	44	81
1988	12	08	SY	KW	1	0	AC	QA	29	1472	1465	+6	−9	74	76
1988	12	11	SY	BH	1	0	AC	QA	19	1491	1373	+8	−3	67	98
1989	03	10	NY	SY	0	1	WQ		-3	926	1494	−1	0	175	68
1989	03	15	SA	SY	5	4	WQ		10	1586	1484	+4	−1	48	69
1989	03	25	SY	NY	2	0	WQ		1	1485	923	0	0	69	175
1989	03	30	SY	SA	0	0	WQ		0	1485	1588	0	0	70	50
1992	00	00	SY	JO	1	0	F		3	1488	1305	0	0	74	120
1992	05	14	KW	SY	0	0	F		-3	1475	1491	0	+1	79	76
1992	05	17	AE	SY	2	0	F		13	1439	1478	+3	−2	85	78
1992	05	20	AE	SY	0	0	F		-2	1437	1480	0	0	85	78
1992	05	29	QA	SY	4	2	SQ		23	1482	1457	+4	−3	78	82
1992	06	02	SY	OM	1	0	SQ	QA	4	1461	1089	0	−1	84	171
1992	09	04	SY	PS	0	0	PGC		-15	1446	1235	−5	+7	89	143
1992	09	11	SY	SA	1	1	PGC		3	1449	1590	0	−1	88	57
1992	09	15	SY	EG	0	0	PGC		5	1454	1626	+2	−2	87	49
1992	09	17	SY	KW	1	2	PGC		-25	1429	1498	−8	+7	95	73
1993	03	02	JO	SY	1	1	F		-2	1383	1431	0	+1	108	92
1993	03	06	SA	SY	0	0	F		-7	1599	1438	0	+1	54	92
1993	03	16	KW	SY	2	1	F		6	1481	1432	0	−1	84	93
1993	03	29	SY	JO	2	3	F		-14	1418	1406	−4	+4	98	101
1993	04	20	JO	SY	2	2	F		-2	1404	1420	−1	+1	100	95
1993	06	23	SY	TW	2	0	WQ	IR	8	1428	1088	+1	−4	96	176
1993	06	25	OM	SY	0	0	WQ	IR	15	1109	1413	+2	−2	170	98
1993	06	27	IR	SY	1	1	WQ		-14	1609	1427	−6	+2	50	96
1993	07	02	SY	TW	8	1	WQ		6	1433	1061	+1	0	95	180
1993	07	04	SY	OM	2	1	WQ		4	1437	1122	+1	0	94	168
1993	07	07	SY	IR	1	1	WQ		4	1441	1610	+1	−2	93	50
1995	00	00	JO	SY	1	3	F		-16	1350	1457	−8	+3	121	87
1995	00	00	SY	JO	2	0	F		7	1464	1343	+3	−8	87	121
1995	03	31	SY	EG	1	2	F		-9	1455	1591	0	+2	89	58
1995	07	04	SY	EG	1	1	F		2	1457	1636	0	−2	90	42
1995	07	09	SY	EG	1	1	F		2	1459	1634	+1	0	89	42
1996	00	00	SY	BH	2	1	F		7	1466	1432	+2	−1	87	97
1996	03	05	SY	KW	0	2	F		-18	1448	1512	−8	+5	95	75
1996	05	23	KW	SY	3	1	F		8	1519	1440	+1	−1	73	96
1996	06	21	SY	KZ	2	0	SQ		32	1472	1535	+9	−8	85	72
1996	06	28	QA	SY	1	0	SQ		18	1429	1454	+7	−4	98	90
1996	07	12	KZ	SY	0	1	SQ		-28	1471	1482	−9	+12	86	81
1996	07	19	SY	QA	3	1	SQ		20	1502	1445	+4	−5	77	94
1996	09	25	SY	SD	1	2	F		-15	1487	1447	−2	+4	80	94
1996	09	29	SY	SD	1	0	F		6	1493	1441	0	−2	80	96
1996	11	16	SA	SY	3	1	F		7	1607	1486	+3	−2	54	82
1996	11	19	KW	SY	2	2	F		-5	1563	1491	−1	+2	64	80
1996	11	26	AE	SY	1	1	F		-5	1556	1496	0	+1	65	79
1996	11	28	AE	SY	1	0	F		6	1562	1490	+2	−1	64	80
1996	12	06	JP	SY	2	1	AC	AE	9	1759	1481	+2	−3	26	82
1996	12	09	CN	SY	3	0	AC	AE	35	1587	1446	+8	−9	58	92
1996	12	12	SY	UZ	2	1	AC	AE	37	1483	1594	+9	−13	83	58
1997	00	00	JO	SY	0	0	F		1	1338	1482	0	−1	123	82
1997	00	00	SY	JO	0	0	F		-6	1476	1344	−1	0	82	123
1997	03	02	SA	SY	3	0	F		7	1639	1469	0	−3	48	84
1997	03	05	SA	SY	1	1	F		-7	1632	1476	−1	+3	49	81
1997	03	30	AE	SY	0	2	F		-24	1579	1500	−4	+5	59	77
1997	04	30	SY	LY	1	1	F		-4	1496	1465	−2	0	78	85
1997	06	04	SY	MV	12	0	WQ		1	1497	742	0	0	78	208
1997	06	06	SY	IR	0	1	WQ		-14	1483	1710	−5	+5	83	31
1997	06	09	SY	MV	12	0	WQ	IR	2	1485	735	+2	0	80	209
1997	06	11	KG	SY	2	1	WQ	IR	34	1231	1451	+16	−8	141	88
1997	06	13	IR	SY	2	2	WQ		-16	1696	1467	−5	+3	36	85
1997	07	14	SY	AE	3	1	PAR	LB	41	1508	1558	+9	−11	74	66
1997	07	16	SY	KW	2	1	PAR	LB	28	1536	1630	+3	−1	71	47
1997	07	20	SY	MR	1	0	PAR	LB	5	1541	1188	+1	−1	70	158
1997	07	24	LB	SY	2	3	PAR		-18	1384	1559	−6	+4	110	66
1997	07	27	JO	SY	1	0	PAR	LB	27	1464	1532	+6	−6	85	72
1998	06	30	OM	SY	0	0	F		4	1294	1528	0	0	132	69
1998	07	02	OM	SY	1	2	F		-6	1288	1534	0	+1	132	68
1998	07	20	SY	JO	3	0	ARQ	LB	28	1562	1439	+6	−6	62	91
1998	07	23	SY	PS	2	1	ARQ	LB	5	1567	1216	+1	−3	61	149
1998	07	26	LB	SY	0	1	ARQ		-15	1370	1582	−3	+1	113	60
1998	09	12	SY	OM	3	0	F		3	1585	1285	0	−1	59	133
1998	09	15	SY	OM	0	0	F		-8	1577	1293	−1	+1	60	132
1998	09	18	BH	SY	2	0	F		21	1350	1556	+3	−4	120	64
1998	09	22	EG	SY	2	1	ARC	QA	12	1706	1544	+5	−2	34	66
1998	09	26	KW	SY	4	0	ARC	QA	30	1647	1514	+5	−5	49	70
1998	10	17	LB	SY	3	3	FRT	AE	6	1373	1508	0	−1	115	74
1998	10	19	AE	SY	1	0	FRT		10	1542	1498	+6	−2	65	76
1998	10	21	SY	SD	3	2	FRT	AE	11	1509	1404	+2	−1	74	103
1999	07	16	JO	SY	1	0	F		9	1458	1500	+4	−1	88	77
1999	07	18	JO	SY	4	0	F		16	1474	1484	+6	−3	82	80
1999	08	19	OM	SY	1	1	PAR	JO	7	1373	1477	+1	−3	113	83
1999	08	23	LY	SY	1	1	PAR	JO	1	1452	1476	+1	+1	92	81
1999	08	25	SY	AE	2	2	PAR	JO	3	1479	1530	−1	−2	82	73
1999	08	27	PS	SY	1	1	PAR	JO	10	1309	1469	+1	−2	130	84
2000	01	31	KW	SY	4	0	F		6	1649	1463	+1	−3	46	88
2000	02	08	SY	KP	5	1	F		14	1477	1453	+5	−3	82	88
2000	02	13	SY	KP	0	0	F		-3	1474	1456	0	0	82	89
2000	03	06	SY	JO	0	0	F		-2	1472	1513	0	0	83	76
2000	03	13	JO	SY	0	0	F		-4	1502	1476	0	0	76	83
2000	03	17	JO	SY	0	0	F		-3	1487	1479	−1	+1	81	82
2000	03	31	SY	BH	1	0	SQ		7	1486	1289	+1	0	80	133
2000	04	02	SY	IR	0	1	SQ		-11	1475	1767	0	0	80	24
2000	04	04	SY	MV	6	0	SQ		1	1476	863	−2	0	82	201
2000	04	09	SY	MV	2	1	SQ	IR	1	1477	862	−1	+1	84	200
2000	04	11	IR	SY	1	1	SQ		-15	1718	1492	−5	+5	34	79
2000	04	13	SY	BH	1	0	SQ	IR	11	1503	1321	+4	−2	75	125
2000	05	24	SY	PS	1	0	WAH	JO	8	1511	1251	+1	0	73	143
2000	05	26	SY	KZ	4	0	WAH	JO	34	1545	1442	+6	−6	67	90
2000	05	28	IR	SY	1	0	WAH	JO	11	1726	1534	+2	−1	34	68
2000	05	31	IQ	SY	0	0	WAH	JO	-6	1642	1540	0	+1	50	67
2000	06	02	IR	SY	1	0	WAH	JO	10	1748	1530	+2	−3	26	70
2000	08	09	SY	BH	1	0	FRT		4	1534	1317	+1	0	70	126
2000	08	13	SY	JO	1	0	FRT		8	1542	1454	+1	−2	69	87
2000	09	24	SA	SY	2	1	F		5	1629	1537	+1	−1	54	66
2000	09	26	SA	SY	3	0	F		9	1638	1528	+2	−4	52	70
2001	01	17	KW	SY	2	0	F	QA	11	1622	1517	+2	−1	55	72
2001	01	30	SA	SY	1	0	F		4	1682	1513	0	−2	45	75
2001	03	07	LB	SY	2	2	F		0	1426	1513	0	0	95	73
2001	04	30	SY	PH	12	0	WQ		1	1514	718	0	0	72	211
2001	05	04	SY	PH	5	1	WQ		0	1514	718	0	0	72	211
2001	05	07	SY	LA	11	0	WQ		2	1516	888	+2	0	71	196
2001	05	11	SY	LA	9	0	WQ		1	1517	887	0	−1	71	197
2001	05	18	SY	OM	3	3	WQ		-13	1504	1350	−3	0	75	122
2001	05	25	OM	SY	2	0	WQ		35	1385	1469	+9	−9	113	83
2001	12	23	OM	SY	2	0	F		14	1413	1455	+2	−3	105	91
2001	12	25	OM	SY	1	0	F		8	1421	1447	+4	0	101	91
2001	12	29	KW	SY	0	0	F		-6	1560	1453	−2	0	65	91
2001	12	31	KW	SY	2	2	F		-5	1555	1458	−1	+1	65	89
2002	07	19	IQ	SY	2	0	F		7	1576	1451	+2	−2	61	90
2002	07	22	IQ	SY	2	1	F		4	1580	1447	+2	−1	59	91
2002	08	30	SY	PS	2	1	WAH		7	1454	1262	+2	−2	88	142
2002	09	03	SY	IQ	0	1	WAH		-18	1436	1606	−8	+5	96	54
2002	09	05	SY	JO	1	2	WAH		-25	1411	1468	−8	+3	104	88
2002	09	07	SY	IR	2	2	WAH		11	1422	1712	+1	0	103	37
2002	12	07	CN	SY	3	1	PMC	BH	12	1612	1410	+1	−2	55	107
2002	12	09	BH	SY	2	3	PMC		-21	1443	1431	−7	+4	95	103
2002	12	12	JO	SY	3	0	PMC	BH	20	1531	1411	+2	−4	69	107
2002	12	17	SY	YE	4	0	ARC	KW	18	1429	1197	+3	−2	103	156
2002	12	19	BH	SY	2	0	ARC	KW	29	1464	1400	+11	−3	89	106
2002	12	21	SY	LB	4	1	ARC	KW	34	1434	1358	+6	−10	100	120
2002	12	24	SA	SY	3	0	ARC	KW	17	1648	1417	+1	−4	49	104
2003	08	14	SY	LB	0	0	F		-4	1413	1384	−2	0	105	112
2003	08	22	LB	SY	1	0	F		8	1392	1405	+2	−4	110	107
2003	09	19	JO	SY	0	0	F		-6	1526	1411	−1	+3	70	106
2003	09	27	SY	YE	8	2	F	SA	9	1420	1182	+3	−4	102	159
2003	09	30	SA	SY	1	1	F		-7	1641	1427	−4	+1	52	101
2003	10	15	SY	LK	5	0	SQ		3	1430	945	+1	0	99	192
2003	10	18	SY	LK	8	0	SQ		3	1433	942	+1	−1	98	193
2003	11	07	SY	AE	1	3	SQ		-42	1391	1431	−15	+15	112	97
2003	11	14	AE	SY	3	1	SQ		19	1450	1372	+5	−6	92	116
2003	11	28	SY	TM	1	1	SQ		-1	1371	1464	−1	0	114	89
2004	02	18	BH	SY	2	1	WQ		6	1578	1365	+1	−1	65	117
2004	03	23	LB	SY	0	1	F		-13	1355	1378	−3	+2	119	115
2004	03	26	SY	PS	1	1	F		-5	1373	1280	0	+2	115	135
2004	03	31	KG	SY	1	1	WQ		6	1169	1367	+3	−2	159	117
2004	04	13	PS	SY	2	1	F	EG	12	1307	1355	+3	−2	129	119
2004	04	19	SD	SY	1	2	F		-13	1357	1368	−3	+3	119	116
2004	04	21	SD	SY	0	0	F		-3	1354	1371	−1	0	120	116
2004	06	01	KW	SY	0	1	F		-15	1456	1386	−3	+4	89	111
2004	06	03	KW	SY	1	2	F		-15	1441	1401	−6	+3	95	108
2004	06	09	SY	TJ	3	1	WQ		25	1426	1417	+9	−11	99	104
2004	06	10	SY	TJ	2	1	WQ		14	1440	1403	+5	−2	94	106
2004	06	19	SY	LB	3	1	WAH	IR	25	1465	1362	+8	−9	88	119
2004	06	21	IR	SY	7	1	WAH		11	1714	1454	+2	−5	32	94
2004	06	23	JO	SY	1	1	WAH	IR	-10	1633	1464	−2	+4	55	90
2004	06	25	IR	SY	4	1	WAH		8	1729	1456	+1	−3	30	93
2004	08	26	YE	SY	1	2	F		-4	1126	1460	0	+1	167	91
2004	08	28	YE	SY	2	1	F		16	1142	1444	+1	−5	166	96
2004	09	08	TJ	SY	0	1	WQ		-23	1380	1467	−4	+3	111	92
2004	09	29	KW	SY	1	1	F	LB	0	1479	1467	0	0	87	92
2004	10	06	SA	SY	2	2	F		-6	1621	1473	−3	+3	59	88
2004	10	08	QA	SY	1	2	F		-13	1460	1486	−5	+1	93	87
2004	10	13	SY	BH	2	2	WQ		-1	1485	1565	−1	0	88	66
2004	11	17	SY	KG	0	1	WQ		-37	1448	1195	−7	+7	94	158
2005	01	26	KW	SY	3	2	F		6	1516	1442	+1	0	79	93
2005	02	02	JP	SY	3	0	F		2	1848	1440	0	−1	16	94
2005	10	25	OM	SY	0	0	F		-7	1609	1447	0	+2	56	94
2005	11	16	SY	AE	0	3	F		-23	1424	1463	−5	+4	99	92
2005	12	03	SY	OM	3	1	WAG	QA	45	1469	1564	+9	−11	90	67
2005	12	04	BH	SY	2	2	WAG	QA	-4	1535	1473	−1	+1	73	89
2005	12	08	IR	SY	0	0	WAG	QA	-16	1819	1489	−3	+3	21	86
2005	12	10	IQ	SY	2	2	WAG	QA	-7	1611	1496	0	0	55	86
2006	01	30	BH	SY	1	1	F		-4	1533	1500	0	0	73	81
2006	02	07	SY	PS	3	0	F		4	1504	1256	+1	0	80	140
2006	02	14	SA	SY	1	1	F		-4	1557	1508	−1	+1	69	79
2006	02	22	SY	KR	1	2	SQ		-12	1496	1758	−4	+4	82	32
2006	03	01	TW	SY	0	4	SQ		-6	968	1502	0	+1	191	80
2006	05	02	AE	SY	2	1	F		7	1505	1495	+2	−3	80	83
2006	07	15	SY	IQ	1	3	F		-16	1479	1589	−5	+2	90	64
2006	07	25	SY	IQ	1	2	F		-10	1469	1590	−2	0	92	64
2006	07	30	JO	SY	3	0	F		10	1530	1459	+1	−3	75	95
2006	08	05	SY	LY	2	1	F		7	1466	1453	+3	−2	92	96
2006	08	16	IR	SY	1	1	SQ		-16	1738	1482	−3	+3	35	89
2006	09	01	OM	SY	3	0	F		9	1588	1473	0	−3	65	92
2006	09	06	SY	IR	0	2	SQ		-16	1457	1759	−5	+3	94	30
2006	10	11	KR	SY	1	1	SQ		-15	1695	1472	−1	+1	44	93
2006	11	15	SY	TW	3	0	SQ		2	1474	938	+1	0	91	193
2007	01	11	SA	SY	2	1	F		5	1588	1469	+1	−2	60	92
2007	06	16	SY	LB	1	0	WAH	JO	13	1482	1337	+4	−3	88	121
2007	06	18	JO	SY	0	1	WAH		-29	1520	1511	−8	+8	78	80
2007	06	22	IQ	SY	3	0	WAH	JO	25	1633	1486	+4	−8	53	88
2007	08	18	SY	BD	2	0	NGC	IN	4	1490	1004	+1	0	84	185
2007	08	21	SY	KG	4	1	NGC	IN	10	1500	1170	+3	−4	81	166
2007	08	23	IN	SY	2	3	NGC		-5	1062	1505	−2	+3	179	79
2007	08	25	SY	KH	5	1	NGC	IN	1	1506	805	0	0	79	206
2007	08	29	IN	SY	1	0	NGC		34	1134	1472	+4	−11	171	90
2007	10	08	SY	AF	3	0	WQ		1	1473	809	+1	0	88	205
2007	10	26	SY	AF	2	1	WQ	TJ	1	1474	808	0	0	88	205
2007	11	09	ID	SY	1	4	WQ		-30	1289	1504	−6	+8	133	80
2007	11	18	SY	ID	7	0	WQ		13	1517	1276	+1	−3	80	136
2008	01	13	SY	QA	0	0	F		-4	1513	1479	−1	0	82	89
2008	01	23	BH	SY	1	2	F		-11	1444	1524	−3	+2	96	80
2008	01	27	CN	SY	2	1	F		6	1570	1518	+1	−2	65	82
2008	02	06	IR	SY	0	0	WQ		-16	1761	1534	−2	+4	30	78
2008	03	26	SY	AE	1	1	WQ		-9	1525	1465	−1	0	79	93
2008	05	10	SY	OM	2	1	F		7	1532	1509	+1	−5	78	86
2008	05	17	SY	IQ	2	1	F		9	1541	1594	+3	−1	75	59
2008	05	24	SA	SY	1	0	F		5	1628	1536	+2	0	51	75
2008	06	02	SY	KW	1	0	WQ		9	1545	1414	+3	0	74	102
2008	06	08	KW	SY	4	2	WQ		33	1447	1512	+7	−13	96	86
2008	06	14	SY	IR	0	2	WQ		-20	1492	1754	−3	+5	89	30
2008	06	22	AE	SY	1	3	WQ		-38	1455	1530	−8	+8	95	80
2008	08	07	JO	SY	0	0	WAH	IR	2	1492	1528	+1	0	90	79
2008	08	09	SY	OM	2	1	WAH	IR	20	1548	1509	+10	−6	69	84
2008	08	13	IR	SY	2	0	WAH		8	1780	1540	+3	−5	25	74
2008	08	20	VE	SY	4	1	F		7	1676	1533	+1	−2	44	76
2008	11	13	JP	SY	3	1	F		4	1751	1529	+1	0	31	77
2008	12	27	SA	SY	1	1	F		-6	1648	1535	−1	+4	50	74
2008	12	29	BH	SY	2	2	F		-2	1518	1537	−2	0	83	74
2009	01	14	SY	CN	3	2	SQ		14	1551	1513	+3	−5	69	82
2009	01	18	SY	TM	5	1	F	KW	8	1559	1313	+1	−4	68	128
2009	01	23	KW	SY	2	3	F		-10	1450	1569	−2	+4	94	64
2009	01	28	LB	SY	0	2	SQ		-15	1268	1584	−2	+4	137	60
2009	02	01	KR	SY	1	1	F	AE	-4	1721	1588	0	0	38	60
2009	03	21	SY	QA	1	2	F		-15	1573	1530	−3	+7	63	76
2009	06	27	SY	HT	2	1	F	CA	5	1578	1398	+3	−1	63	107
2009	08	20	SY	KG	2	0	NGC	IN	5	1583	1151	+1	−1	62	165
2009	08	24	SY	LK	4	0	NGC	IN	2	1585	982	0	−1	62	187
2009	08	27	SY	LB	1	0	NGC	IN	5	1590	1243	+1	−3	61	143
2009	08	29	IN	SY	0	1	NGC		-7	1214	1597	−1	0	153	61
2009	08	31	IN	SY	1	1	NGC		13	1227	1584	+2	−1	151	62
2009	10	26	KW	SY	1	0	F		11	1462	1573	+2	−2	92	65
2009	11	08	TH	SY	1	1	F		0	1464	1573	0	0	92	65
2009	11	14	VN	SY	0	1	SQ		-14	1347	1587	−2	+4	120	61
2009	11	18	SY	VN	0	0	SQ		-15	1572	1362	−8	+3	68	117
2009	12	30	MY	SY	4	1	F		30	1174	1542	+7	−11	162	79
2010	01	06	CN	SY	0	0	SQ		-6	1539	1548	−5	+3	80	75
2010	01	23	SY	SE	1	1	F		4	1552	1775	0	−2	74	25
2010	02	19	KW	SY	1	1	F	AE	2	1484	1550	0	0	89	75
2010	03	03	SY	LB	4	0	SQ		6	1556	1221	−1	−1	75	150
2010	09	03	KW	SY	3	0	F		15	1531	1541	+5	−3	81	78
2010	09	07	YE	SY	2	1	F		14	1298	1527	0	−2	133	80
2010	09	24	JO	SY	1	1	WAH		-3	1485	1530	−1	0	91	79
2010	09	26	KW	SY	2	1	WAH	JO	21	1535	1509	+3	−5	80	84
2010	10	08	CN	SY	2	1	F		5	1625	1504	−1	−3	53	87
2010	11	14	BH	SY	0	2	F		-20	1516	1524	−5	+6	84	82
2010	12	18	IQ	SY	0	1	F		-14	1562	1538	−6	+3	72	76
2010	12	22	SY	IQ	0	1	F		-12	1526	1574	−4	+5	80	67
2010	12	30	KR	SY	1	0	F	AE	5	1740	1521	+3	−1	28	81
2011	01	02	AE	SY	2	0	F		13	1483	1508	+3	−3	92	84
2011	01	09	SY	SA	2	1	AC	QA	35	1543	1617	+7	−6	77	56
2011	01	13	JP	SY	2	1	AC	QA	11	1778	1532	+2	−2	20	79
2011	01	17	JO	SY	2	1	AC	QA	26	1550	1506	+5	−8	77	86
2011	06	29	IQ	SY	1	2	F		-15	1575	1521	−1	+2	61	84
2011	07	05	SY	JO	3	1	F	TR	15	1536	1512	+6	−5	78	85
2011	07	15	OM	SY	1	1	F		-3	1544	1539	−1	0	73	78
2011	07	23	SY	TJ	2	1	WQ	JO	8	1547	1291	+5	−1	72	133
2011	07	28	TJ	SY	0	4	WQ		-22	1269	1569	−3	+6	136	66
2011	08	10	KZ	SY	1	1	F		3	1352	1566	+2	−1	118	67
2011	08	17	LB	SY	2	3	F		-3	1167	1569	−1	+1	164	66
2012	08	22	IN	SY	2	1	NGC		35	1154	1534	+9	−8	166	78
2012	08	27	MV	SY	2	1	NGC	IN	37	1122	1497	+4	−9	176	87
2012	08	30	SY	NP	2	0	NGC	IN	2	1499	934	0	0	87	195
2012	10	11	KW	SY	1	1	F		-4	1522	1503	−1	+2	81	86
2012	11	17	PS	SY	1	1	F	JO	5	1298	1498	+2	0	137	87
2012	11	20	PS	SY	2	1	F	JO	15	1313	1483	+9	−5	129	92
2012	12	13	IQ	SY	1	1	WAH	KW	-7	1602	1490	−1	+2	56	88
2012	12	16	SY	JO	2	1	WAH	KW	21	1511	1488	+8	−7	82	90
2012	12	18	BH	SY	1	1	WAH	KW	0	1505	1511	0	0	86	82
2012	12	20	SY	IQ	1	0	WAH	KW	26	1537	1601	+5	−4	77	57
2013	02	06	OM	SY	1	0	SQ		17	1504	1520	+5	−5	85	82
2013	03	26	IQ	SY	2	1	F		5	1603	1515	+1	−6	59	84
2013	08	15	JO	SY	1	1	SQ	IR	-3	1564	1518	−2	+2	68	83
2013	09	06	LB	SY	2	0	F		17	1378	1501	+4	−3	115	87
2013	10	15	SG	SY	2	1	SQ		28	1282	1473	+4	−7	139	93
2013	11	11	IQ	SY	2	1	F	JO	9	1518	1464	+3	0	80	93
2013	11	15	SY	SG	4	0	SQ	IR	19	1483	1263	+2	−4	91	143
2013	11	19	OM	SY	1	0	SQ	IR	16	1573	1467	+4	−2	65	93
2014	03	05	JO	SY	2	1	SQ		8	1605	1459	−1	−2	58	96
2014	11	12	MY	SY	0	3	F		-9	1166	1468	−4	+1	168	96
2014	11	15	ID	SY	0	2	F		-10	1233	1478	−1	+4	145	91
2015	03	26	JO	SY	0	1	F		-14	1494	1492	−5	+4	83	86
2015	03	31	TJ	SY	2	3	F		-7	1270	1499	−2	+3	139	83
2015	05	24	LB	SY	2	2	F		0	1409	1499	0	+1	108	83
2015	06	05	OM	SY	1	2	F		-13	1505	1512	−3	+2	82	81
2015	06	11	SY	AF	6	0	WQS	IR	7	1519	1091	+1	0	80	179
2015	09	03	SY	SG	1	0	WQS	OM	5	1524	1190	0	−1	77	163
2015	09	08	KH	SY	0	6	WQS		-2	733	1526	0	+2	215	76
2015	10	02	OM	SY	2	1	F		8	1509	1518	+3	−3	80	79
2015	10	08	JP	SY	3	0	WQS	OM	16	1743	1502	+3	−6	31	85
2015	10	13	SY	AF	5	2	WQS	OM	6	1508	1078	+1	0	83	180
2015	11	17	SG	SY	1	2	WQS		-9	1187	1517	0	+3	162	80
2016	03	18	SY	IQ	1	0	F	IR	10	1527	1502	+2	−4	78	86
2016	03	24	SY	KH	6	0	WQS	OM	1	1528	726	+1	0	77	216
2016	03	29	JP	SY	5	0	WQS		11	1762	1517	+1	−3	28	79
2016	05	31	VN	SY	2	0	F		23	1235	1494	+7	−6	152	85
2016	06	03	TH	SY	2	2	KNG		-1	1412	1495	0	0	106	85
2016	06	05	SY	AE	1	0	KNG	TH	19	1514	1583	+5	−5	80	63
2016	08	27	TJ	SY	0	0	F		5	1225	1509	+1	0	154	82
2016	09	01	UZ	SY	1	0	WQ		8	1665	1501	+1	−1	46	83
2016	09	06	SY	KR	0	0	WQ	MY	14	1515	1788	+4	−3	80	22
2016	10	06	CN	SY	0	1	WQ		-28	1540	1543	−8	+8	74	72
2016	10	11	QA	SY	1	0	WQ		15	1543	1528	+4	−1	73	74
2016	11	09	SY	SG	2	0	F	MY	3	1531	1122	0	−1	74	174
2016	11	15	SY	IR	0	0	WQ	MY	13	1544	1775	+1	−2	73	24
2017	03	23	SY	UZ	1	0	WQ	MY	27	1571	1637	+5	−4	68	53
2017	03	28	KR	SY	1	0	WQ		6	1767	1565	+2	0	27	67
2017	06	02	OM	SY	1	1	F		0	1468	1565	0	0	88	67
2017	06	07	JP	SY	1	1	F		-7	1775	1572	−1	+1	25	65
2017	06	13	SY	CN	2	2	WQ	MY	-1	1571	1548	−1	+1	68	72
2017	08	22	MY	SY	1	2	F		-2	1102	1573	0	+1	174	67
2017	08	26	IQ	SY	1	1	F	MY	1	1523	1572	0	0	79	67
2017	08	31	SY	QA	3	1	WQ	MY	27	1599	1515	+7	−6	60	80
2017	09	05	IR	SY	2	2	WQ		-14	1782	1613	−4	0	26	60
2017	10	05	SY	AU	1	1	WQ	MY	5	1618	1703	+2	−1	58	39
2017	10	10	AU	SY	2	1	WQ		10	1713	1608	+2	−3	38	61
2017	11	13	IQ	SY	1	1	F		-2	1565	1610	0	0	69	59
2018	03	24	QA	SY	2	2	FRT	IQ	5	1484	1605	+3	−5	85	61
2018	03	27	IQ	SY	1	1	FRT		-2	1558	1607	−1	+3	69	58
2018	09	06	UZ	SY	1	1	F		-3	1598	1610	−1	+1	58	54
2018	09	10	KG	SY	2	1	F		16	1258	1594	+3	−4	147	58
2018	10	11	BH	SY	0	1	F		-8	1402	1602	−3	+1	108	56
2018	10	16	CN	SY	2	0	F		14	1531	1588	+2	−2	74	59
2018	11	16	OM	SY	1	1	F		-1	1537	1589	0	−1	72	60
2018	11	20	KW	SY	1	2	F		-8	1415	1597	+1	+3	100	58
2018	12	30	SY	YE	1	0	F	AE	2	1599	1191	+1	0	57	164
2019	01	06	PS	SY	0	0	AC	AE	14	1397	1585	+3	−4	107	61
2019	01	10	JO	SY	2	0	AC	AE	48	1537	1537	+11	−11	74	74
2019	01	15	AU	SY	3	2	AC	AE	14	1721	1523	+2	−4	40	78
2019	03	20	IQ	SY	1	0	FRT		8	1598	1515	+2	−2	59	78
2019	03	23	SY	JO	1	0	FRT	IQ	15	1530	1500	+3	−5	74	82
2019	03	26	AE	SY	0	0	F		-2	1485	1532	0	+1	86	73
2019	06	06	IR	SY	5	0	F		5	1794	1527	+1	−2	21	76
2019	06	11	UZ	SY	2	0	F		8	1625	1519	0	−3	53	77
2019	07	08	SY	KP	5	2	INL	IN	13	1532	1315	+2	−2	74	130
2019	07	10	TJ	SY	2	0	INL	IN	38	1277	1494	+8	−10	140	84
2019	07	16	IN	SY	1	1	INL		8	1208	1486	0	−1	158	85
2019	08	02	LB	SY	2	1	WAH	IQ	23	1459	1463	+6	−3	90	88
2019	08	05	SY	YE	1	1	WAH	IQ	-14	1449	1163	−6	+2	94	167
2019	08	08	IQ	SY	0	0	WAH		-13	1596	1462	−4	+6	59	88
2019	08	11	PS	SY	4	3	WAH	IQ	24	1424	1438	+5	−7	99	96
2019	09	05	PH	SY	2	5	WQS		-17	1119	1455	−5	+4	177	92
2019	10	10	SY	MV	2	1	WQS	AE	2	1457	958	0	0	92	194
2019	10	15	SY	GU	4	0	WQS	AE	1	1458	745	0	0	91	214
2019	11	14	SY	CN	2	1	WQS	AE	21	1479	1460	+6	−4	86	92
2019	11	19	SY	PH	1	0	WQS	AE	5	1484	1155	0	−3	86	172
2020	11	12	SY	UZ	1	0	F	AE	12	1496	1560	+3	0	81	66
2020	11	16	JO	SY	1	0	F	AE	10	1491	1486	+7	−1	80	82
2021	03	25	BH	SY	3	1	F		8	1572	1478	+1	−2	65	86
2021	03	30	IR	SY	3	0	F		3	1766	1475	+1	−3	30	87
2021	06	04	SY	MV	4	0	WQS	AE	3	1478	946	+2	0	84	194
2021	06	07	SY	GU	3	0	WQS	AE	1	1479	734	0	−1	84	216
2021	06	15	CN	SY	3	1	WQS	AE	30	1505	1449	+13	−5	77	91
2021	08	26	DZ	SY	2	1	F	QA	3	1765	1446	+1	−3	30	92
2021	09	02	IR	SY	1	0	WQ		3	1807	1443	+1	0	22	91
2021	09	07	SY	AE	1	1	WQ	JO	2	1445	1477	0	0	91	85
2021	10	07	KR	SY	2	1	WQ		3	1757	1442	+1	0	30	91
2021	10	12	LB	SY	3	2	WQ	JO	23	1408	1419	+6	−5	99	96
2021	11	11	IQ	SY	1	1	WQ	QA	-10	1591	1429	−3	+1	62	95
2021	11	16	IR	SY	3	0	WQ	JO	6	1837	1423	−1	−2	20	98
2021	11	30	AE	SY	2	1	ARC	QA	16	1505	1407	+4	−1	81	99
2021	12	03	SY	TN	2	0	ARC	QA	48	1455	1606	+10	−11	89	61
2021	12	06	MR	SY	2	1	ARC	QA	28	1346	1427	+12	−6	117	95
2022	01	27	AE	SY	2	0	WQ		17	1504	1410	+5	−2	81	99
2022	02	01	KR	SY	2	0	WQ	AE	6	1808	1404	0	−1	27	100
2022	03	24	LB	SY	0	3	WQ		-43	1339	1447	−13	+7	119	93
2022	03	29	IQ	SY	1	1	WQ	AE	-7	1564	1454	−1	+3	66	89
2022	06	01	SY	TJ	1	0	F	AE	6	1460	1281	+1	−1	88	138
2022	09	23	JO	SY	2	0	FT		10	1584	1450	+1	0	64	90
2022	09	26	IQ	SY	1	0	FT	JO	10	1574	1440	+3	−1	65	91
2022	11	17	BY	SY	1	0	F	AE	11	1425	1429	+3	−3	96	95
2022	11	20	VE	SY	2	1	F	AE	4	1684	1425	+1	−1	45	96
2022	12	23	OM	SY	2	1	F	AE	6	1561	1419	+1	−3	68	99
2022	12	30	OM	SY	1	0	F	AE	6	1567	1413	0	−1	68	100
2023	03	25	SY	TH	3	1	F	AE	15	1428	1388	+4	−3	96	106
2023	03	28	BH	SY	1	0	F		6	1502	1422	+1	−3	78	99
2023	06	20	VN	SY	1	0	F		8	1402	1414	+2	−4	105	103
2023	09	06	MY	SY	2	2	F	CN	4	1288	1410	+1	0	138	102
2023	09	12	CN	SY	0	1	F		-14	1459	1424	−2	+10	90	95
2023	10	17	KW	SY	2	1	F	AE	11	1389	1413	+5	−3	107	102
2023	11	16	SY	KP	1	0	WQS	SA	18	1431	1360	+5	−3	96	115
2023	11	21	JP	SY	5	0	WQS	SA	5	1905	1426	0	+1	13	98
2024	01	05	KG	SY	1	1	F	AE	5	1257	1421	+2	−2	152	100
2024	01	08	MY	SY	2	2	F	QA	3	1305	1418	+3	0	138	100
2024	01	13	SY	UZ	0	0	AC	QA	14	1432	1633	+4	−3	96	53
2024	01	18	AU	SY	1	0	AC	QA	6	1796	1426	+2	−2	25	98
2024	01	23	SY	IN	1	0	AC	QA	13	1439	1237	+3	−2	96	155
2024	01	31	IR	SY	1	1	AC	QA	-21	1824	1460	−3	+4	20	93
2024	03	21	MM	SY	1	1	WQS		17	927	1443	+2	−2	196	95
2024	03	26	SY	MM	7	0	WQS	SA	4	1447	923	0	−1	95	197
2024	06	06	KP	SY	1	0	WQS	LA	24	1393	1423	+4	−4	106	99
2024	06	11	JP	SY	5	0	WQS		4	1857	1419	0	−1	16	100
2024	09	06	SY	MU	2	0	INL	IN	5	1424	1041	+2	−2	99	183
2024	09	09	IN	SY	0	3	INL		-16	1170	1440	0	+4	163	95
2024	10	11	SY	TJ	1	0	KNG	TH	11	1451	1340	+4	−4	92	125
2024	10	14	TH	SY	2	1	KNG		11	1453	1440	+2	−4	91	95
2024	11	19	RU	SY	4	0	F		3	1789	1437	+1	−1	25	93
2025	03	25	SY	PK	2	0	SQ	SA	2	1439	824	0	0	94	209
2025	06	10	SY	AF	1	0	SQ	SA	4	1443	1057	+2	−1	93	179
2025	09	04	AE	SY	3	1	F		7	1544	1436	0	0	74	93
2025	09	08	KW	SY	2	2	F	QA	4	1294	1432	0	0	139	93
2025	10	09	SY	MM	5	1	SQ	SA	5	1437	952	0	0	95	190
2025	10	14	MM	SY	0	3	SQ		-7	945	1444	0	+3	190	91
2025	11	18	PK	SY	0	5	SQ		-4	830	1448	−1	+2	207	89
2025	11	25	SY	SS	2	0	ARQ	QA	9	1457	1134	+1	−4	88	167
2025	12	01	SY	TN	1	0	ARC	QA	30	1487	1620	+5	−6	83	58
2025	12	04	QA	SY	1	1	ARC		-4	1454	1491	0	0	89	83
2025	12	07	PS	SY	0	0	ARC	QA	0	1483	1491	0	0	85	83
2025	12	11	MA	SY	1	0	ARC	QA	5	1831	1486	0	−1	22	84
2026	03	31	SY	AF	5	1	SQ	SA	5	1491	1011	+1	0	83	183
2026	06	05	BY	SY	4	1	F		12	1525	1479	+1	0	79	83